region,country,year,population,land_area,forest,nat_for
North and Central America,ABW,1990,62148,180,4,
North and Central America,ABW,2000,90858,180,4,
North and Central America,ABW,2005,100031,180,4,
North and Central America,ABW,2010,101597,180,4,
North and Central America,ABW,2015,109294,180,4,
Asia,AFG,1990,11731193,652230,13500,13500
Asia,AFG,2000,20595360,652230,13500,13500
Asia,AFG,2005,24860855,652230,13500,13500
Asia,AFG,2010,28397812,652230,13500,13500
Asia,AFG,2015,36722843,652230,13500,13500
Africa,AGO,1990,10333844,1246700,609760,608360
Africa,AGO,2000,13924930,1246700,597280,595940
Africa,AGO,2005,16544376,1246700,591040,589730
Africa,AGO,2010,19549124,1246700,584800,583520
Africa,AGO,2015,21842173,1246700,578560,577310
North and Central America,AIA,1990,8334,90,55,
North and Central America,AIA,2000,11071,90,55,
North and Central America,AIA,2005,12637,90,55,
North and Central America,AIA,2010,13768,90,55,
North and Central America,AIA,2015,13768,90,55,
Europe,ALB,1990,3446882,27398,7888,6855
Europe,ALB,2000,3304948,27403,7693,6728
Europe,ALB,2005,3196130,27404,7824,6842
Europe,ALB,2010,3150143,27400,7763,6823
Europe,ALB,2015,3260218,27400,7715,6815
Europe,AND,1990,54511,470,160,
Europe,AND,2000,65399,470,160,
Europe,AND,2005,81223,470,160,
Europe,AND,2010,77907,470,160,
Europe,AND,2015,78000,470,160,
North and Central America,ANT,1990,190539,800,12,
North and Central America,ANT,2000,179769,800,12,
North and Central America,ANT,2005,185967,800,12,
North and Central America,ANT,2010,200689,800,12,
North and Central America,ANT,2015,208069,800,12,
Asia,ARE,1990,1806498,83600,2450,
Asia,ARE,2000,3026352,83600,3100,
Asia,ARE,2005,4148883,83600,3120,
Asia,ARE,2010,8441537,83600,3173,
Asia,ARE,2015,8373320,83600,3226,
South America,ARG,1990,32624874,2736690,347930,340270
South America,ARG,2000,36903067,2736690,318600,307860
South America,ARG,2005,38647854,2736690,301860,290130
South America,ARG,2010,40374224,2736690,285960,274090
South America,ARG,2015,42160223,2736690,271120,259100
Asia,ARM,1990,3544695,28200,3350,3210
Asia,ARM,2000,3076098,28200,3330,3220
Asia,ARM,2005,3014917,28200,3320,3220
Asia,ARM,2010,2963496,28200,3310,3100
Asia,ARM,2015,3134224,28200,3320,3100
Oceania,ASM,1990,47044,200,184,
Oceania,ASM,2000,57522,200,181,
Oceania,ASM,2005,59117,200,179,
Oceania,ASM,2010,55636,200,177,
Oceania,ASM,2015,56000,200,175,
North and Central America,ATG,1990,61906,440,103,
North and Central America,ATG,2000,77648,440,100,
North and Central America,ATG,2005,82565,440,98,
North and Central America,ATG,2010,87233,440,98,
North and Central America,ATG,2015,87233,440,98,
Oceania,AUS,1990,17096869,7682300,1285410,
Oceania,AUS,2000,19259377,7682300,1288410,
Oceania,AUS,2005,20520736,7682300,1276410,1260130
Oceania,AUS,2010,22404488,7682300,1232110,1213080
Oceania,AUS,2015,23811539,7682300,1247510,1227340
Europe,AUT,1990,7670001,82435,37760,20090
Europe,AUT,2000,8020262,82435,38380,21290
Europe,AUT,2005,8238604,82435,38510,21510
Europe,AUT,2010,8401924,82435,38600,21640
Europe,AUT,2015,8465829,82435,38690,21770
Asia,AZE,1990,7216503,82630,8518,
Asia,AZE,2000,8117742,82605,8718,
Asia,AZE,2005,8563398,82660,8772,
Asia,AZE,2010,9094718,82656,10083,9753
Asia,AZE,2015,9756430,82658,11394,11034
Africa,BDI,1990,5605873,25680,2890,1030
Africa,BDI,2000,6674286,25680,1980,1030
Africa,BDI,2005,7770392,25680,1810,1030
Africa,BDI,2010,9232753,25680,2530,1400
Africa,BDI,2015,9231207,25680,2760,1560
Europe,BEL,1990,9978241,30278,6774,2311
Europe,BEL,2000,10268380,30278,6673,2592
Europe,BEL,2005,10508080,30278,6742,2776
Europe,BEL,2010,10941288,30278,6812,2834
Europe,BEL,2015,10891227,30278,6834,2892
Africa,BEN,1990,5001271,110620,57610,57510
Africa,BEN,2000,6949366,110620,50610,50480
Africa,BEN,2005,8182362,110620,48110,47960
Africa,BEN,2010,9509798,110620,45610,45420
Africa,BEN,2015,10128893,110620,43110,42880
Africa,BFA,1990,8811033,273600,68470,68404
Africa,BFA,2000,11607944,273600,62480,61902
Africa,BFA,2005,13421929,273600,59490,58610
Africa,BFA,2010,15540284,273600,56490,54860
Africa,BFA,2015,19119456,273600,53500,51110
Asia,BGD,1990,107385847,130170,14940,12550
Asia,BGD,2000,132383265,130170,14680,11970
Asia,BGD,2005,143135180,130170,14550,11770
Asia,BGD,2010,151125475,130170,14420,12050
Asia,BGD,2015,158581012,130170,14290,11550
Europe,BGR,1990,8821111,110630,33270,22950
Europe,BGR,2000,8000510,110630,33750,24420
Europe,BGR,2005,7683264,108640,36510,27770
Europe,BGR,2010,7389175,108560,37370,29200
Europe,BGR,2015,7232791,108560,38230,30174
Asia,BHR,1990,495944,690,2,
Asia,BHR,2000,668239,710,4,
Asia,BHR,2005,879534,740,4,
Asia,BHR,2010,1251513,760,5,
Asia,BHR,2015,1403540,760,6,
North and Central America,BHS,1990,256338,10010,5150,5150
North and Central America,BHS,2000,297759,10010,5150,5150
North and Central America,BHS,2005,329088,10010,5150,5150
North and Central America,BHS,2010,360498,10010,5150,5150
North and Central America,BHS,2015,363077,10010,5150,5150
Europe,BIH,1990,4526511,51000,22100,11630
Europe,BIH,2000,3834364,51000,21850,11860
Europe,BIH,2005,3879828,51000,21850,11860
Europe,BIH,2010,3845929,51000,21850,11860
Europe,BIH,2015,3711746,51000,21850,11860
North and Central America,BLM,1990,,21,0,0
North and Central America,BLM,2000,,21,0,0
North and Central America,BLM,2005,,21,0,0
North and Central America,BLM,2010,,21,0,0
North and Central America,BLM,2015,,21,0,0
Europe,BLR,1990,10259860,207480,77800,62620
Europe,BLR,2000,9981460,207480,82730,65810
Europe,BLR,2005,9664714,207480,84360,66790
Europe,BLR,2010,9491070,207480,85340,66770
Europe,BLR,2015,9433540,207480,86335,67233
North and Central America,BLZ,1990,187552,22810,16160,16138
North and Central America,BLZ,2000,238586,22810,14593,14570
North and Central America,BLZ,2005,271920,22810,14165,14142
North and Central America,BLZ,2010,308595,22810,13914,13890
North and Central America,BLZ,2015,343674,22810,13663,13639
North and Central America,BMU,1990,59798,50,10,
North and Central America,BMU,2000,62837,50,10,
North and Central America,BMU,2005,64137,50,10,
North and Central America,BMU,2010,64951,50,10,
North and Central America,BMU,2015,64951,50,10,
South America,BOL,1990,6794046,1083300,627950,627750
South America,BOL,2000,8495271,1083300,600910,600710
South America,BOL,2005,9354709,1083300,587340,587140
South America,BOL,2010,10156601,1083300,562090,561890
South America,BOL,2015,10738372,1083300,547640,547380
South America,BRA,1990,149648341,8358140,5467050,5417210
South America,BRA,2000,174504898,8358140,5212740,5160980
South America,BRA,2005,186142403,8358140,5067340,5011140
South America,BRA,2010,195210154,8358140,4984580,4914850
South America,BRA,2015,203004821,8358140,4935380,4858020
North and Central America,BRB,1990,259336,430,63,
North and Central America,BRB,2000,267190,430,63,
North and Central America,BRB,2005,273568,430,63,63
North and Central America,BRB,2010,280396,430,63,63
North and Central America,BRB,2015,276171,430,63,63
Asia,BRN,1990,256929,5270,4130,4120
Asia,BRN,2000,331801,5270,3970,3960
Asia,BRN,2005,367815,5270,3890,3870
Asia,BRN,2010,400569,5270,3800,3770
Asia,BRN,2015,433504,5270,3800,3770
Asia,BTN,1990,535738,38107,25067,24879
Asia,BTN,2000,564350,38113,26060,25858
Asia,BTN,2005,650417,38116,26556,26346
Asia,BTN,2010,716939,38118,27053,26838
Asia,BTN,2015,785507,38121,27549,27328
Africa,BWA,1990,1383912,566730,137180,137180
Africa,BWA,2000,1755375,566730,125350,125350
Africa,BWA,2005,1875805,566730,119430,119430
Africa,BWA,2010,1969341,566730,113510,113510
Africa,BWA,2015,2114812,566730,108400,108400
Africa,CAF,1990,2912824,622980,225600,225580
Africa,CAF,2000,3638316,622980,224040,224020
Africa,CAF,2005,3960897,622980,223260,223240
Africa,CAF,2010,4349921,622980,222480,222460
Africa,CAF,2015,4853365,622980,221700,221680
North and Central America,CAN,1990,27657790,9093510,3482730,3436950
North and Central America,CAN,2000,30697425,9093510,3478020,3384570
North and Central America,CAN,2005,32253092,9093510,3475760,3358660
North and Central America,CAN,2010,34126240,9093510,3473020,3333270
North and Central America,CAN,2015,35620825,9093510,3470690,3312850
Europe,CHE,1990,6673920,40000,11510,9940
Europe,CHE,2000,7165581,40000,11940,10310
Europe,CHE,2005,7408608,40000,12170,10500
Europe,CHE,2010,7830534,40000,12350,10660
Europe,CHE,2015,7817211,40000,12540,10820
South America,CHL,1990,13213930,743532,152630,135560
South America,CHL,2000,15454402,743532,158340,138980
South America,CHL,2005,16337749,743532,160420,139800
South America,CHL,2010,17150760,743532,162310,138470
South America,CHL,2015,17874274,743532,177350,146910
Asia,CHN,1990,1165428967,9425300,1571406,1151903
Asia,CHN,2000,1280428583,9425300,1770005,1226070
Asia,CHN,2005,1318176835,9425300,1930439,1258246
Asia,CHN,2010,1359821465,9425300,2006103,1275438
Asia,CHN,2015,1370124371,9425300,2083213,1293391
Africa,CIV,1990,12115806,318000,102220,100680
Africa,CIV,2000,16131332,318000,103280,100670
Africa,CIV,2005,17393994,318000,104050,100680
Africa,CIV,2010,18976588,318000,104030,99980
Africa,CIV,2015,22014496,318000,104010,99740
Africa,CMR,1990,12070359,472710,243160,243020
Africa,CMR,2000,15927713,472710,221160,221020
Africa,CMR,2005,18137734,472710,210160,210020
Africa,CMR,2010,20624343,472710,199160,198960
Africa,CMR,2015,21812274,472710,188160,187900
Africa,COD,1990,34910591,2267050,1603630,1603070
Africa,COD,2000,46949244,2267050,1572490,1571920
Africa,COD,2005,54028003,2267050,1556920,1556350
Africa,COD,2010,62191161,2267050,1541350,1540760
Africa,COD,2015,75190496,2267050,1525780,1525180
Africa,COG,1990,2383283,341500,227260,226750
Africa,COG,2000,3126204,341500,225560,225050
Africa,COG,2005,3542867,341500,224710,224200
Africa,COG,2010,4111715,341500,224110,223360
Africa,COG,2015,4507551,341500,223340,222630
Oceania,COK,1990,17613,235,144,144
Oceania,COK,2000,17826,236,151,144
Oceania,COK,2005,19399,236,151,144
Oceania,COK,2010,20284,236,151,144
Oceania,COK,2015,20284,236,151,144
South America,COL,1990,33306941,1109500,644170,644067
South America,COL,2000,39897984,1109500,617984,617752
South America,COL,2005,43184026,1109500,602014,601307
South America,COL,2010,46444798,1109500,586353,585887
South America,COL,2015,49379455,1109500,585017,584308
Africa,COM,1990,412790,1860,490,470
Africa,COM,2000,528312,1860,450,430
Africa,COM,2005,600733,1860,420,410
Africa,COM,2010,683081,1860,390,380
Africa,COM,2015,830345,1860,370,340
Africa,CPV,1990,351960,4030,578,0
Africa,CPV,2000,442426,4030,821,0
Africa,CPV,2005,478651,4030,836,0
Africa,CPV,2010,487601,4030,851,0
Africa,CPV,2015,521331,4030,899,56
North and Central America,CRI,1990,3078551,51060,25640,22694
North and Central America,CRI,2000,3929588,51060,23760,21733
North and Central America,CRI,2005,4320130,51060,24910,22810
North and Central America,CRI,2010,4669685,51060,26050,23878
North and Central America,CRI,2015,4989591,51060,27560,27384
North and Central America,CUB,1990,10600841,107400,20580,17110
North and Central America,CUB,2000,11138416,107400,24350,20930
North and Central America,CUB,2005,11292078,106440,26970,23090
North and Central America,CUB,2010,11281768,106440,29320,24360
North and Central America,CUB,2015,11230625,106440,32000,26440
North and Central America,CYM,1990,25009,240,127,
North and Central America,CYM,2000,41685,240,127,
North and Central America,CYM,2005,48623,240,127,
North and Central America,CYM,2010,55509,240,127,
North and Central America,CYM,2015,55509,240,127,
Asia,CYP,1990,766611,9242,1611,1368
Asia,CYP,2000,943287,9242,1716,1441
Asia,CYP,2005,1032586,9242,1729,1434
Asia,CYP,2010,1103685,9242,1728,1424
Asia,CYP,2015,1164177,9242,1727,1420
Europe,CZE,1990,10325976,77270,26290,
Europe,CZE,2000,10250398,77270,26370,
Europe,CZE,2005,10230683,77260,26470,220
Europe,CZE,2010,10553701,77240,26570,235
Europe,CZE,2015,10616497,77220,26670,241
Europe,DEU,1990,80487159,348610,113000,59120
Europe,DEU,2000,83512459,348610,113540,59380
Europe,DEU,2005,83835978,348610,113840,61060
Europe,DEU,2010,83017404,348610,114090,61190
Europe,DEU,2015,81499580,348610,114190,61240
Africa,DJI,1990,589924,23176,56,56
Africa,DJI,2000,722887,23176,56,56
Africa,DJI,2005,776585,23176,56,56
Africa,DJI,2010,834036,23176,56,56
Africa,DJI,2015,974987,23176,56,56
North and Central America,DMA,1990,70928,750,500,500
North and Central America,DMA,2000,69679,750,473,472
North and Central America,DMA,2005,70542,750,460,459
North and Central America,DMA,2010,71167,750,447,446
North and Central America,DMA,2015,71167,750,433,432
Europe,DNK,1990,5140332,42430,5432,1320
Europe,DNK,2000,5338283,42430,5855,1420
Europe,DNK,2005,5417692,42430,5577,1350
Europe,DNK,2010,5550959,42430,5871,1330
Europe,DNK,2015,5644829,42430,6122,1480
North and Central America,DOM,1990,7245127,48320,11050,10869
North and Central America,DOM,2000,8663421,48320,14860,14652
North and Central America,DOM,2005,9343362,48320,16520,16126
North and Central America,DOM,2010,10016797,48320,18170,17365
North and Central America,DOM,2015,10552316,48320,19830,18642
Africa,DZA,1990,26239708,2381740,16670,13340
Africa,DZA,2000,31719449,2381740,15790,12340
Africa,DZA,2005,33960903,2381740,15360,11660
Africa,DZA,2010,37062820,2381740,19180,14200
Africa,DZA,2015,37935024,2381740,19560,14000
South America,ECU,1990,10123593,276840,146308,145864
South America,ECU,2000,12533087,248360,137289,136588
South America,ECU,2005,13777131,248360,133352,132701
South America,ECU,2010,15001072,248360,129416,128813
South America,ECU,2015,15453942,248360,125479,124926
Africa,EGY,1990,56336614,995450,440,0
Africa,EGY,2000,66136590,995450,590,0
Africa,EGY,2005,71777678,995450,670,0
Africa,EGY,2010,78075705,995450,700,0
Africa,EGY,2015,88258024,995450,730,0
Africa,ERI,1990,3272563,101000,16210,16110
Africa,ERI,2000,3939348,101000,15760,15549
Africa,ERI,2005,4854066,101000,15540,15262
Africa,ERI,2010,5741159,101000,15320,14984
Africa,ERI,2015,6077855,101000,15100,14706
Africa,ESH,1990,216828,266000,7070,7070
Africa,ESH,2000,305615,266000,7070,7070
Africa,ESH,2005,427782,266000,7070,7070
Africa,ESH,2010,514648,266000,7070,7070
Africa,ESH,2015,623544,266000,7070,7070
Europe,ESP,1990,38883045,498800,138095,117730
Europe,ESP,2000,40282828,498800,169769,144731
Europe,ESP,2005,43387477,498800,172821,147332
Europe,ESP,2010,46182038,498800,182472,153657
Europe,ESP,2015,47438530,498800,184179,155094
Europe,EST,1990,1565320,42390,22060,20340
Europe,EST,2000,1366117,42390,22430,20680
Europe,EST,2005,1325112,42390,22520,20760
Europe,EST,2010,1298533,42390,22340,20600
Europe,EST,2015,1335801,42390,22320,20580
Africa,ETH,1990,48042755,1096310,151140,146230
Africa,ETH,2000,66024199,1096310,137050,132140
Africa,ETH,2005,76167240,1096310,130000,125090
Africa,ETH,2010,87095281,1096310,122960,117850
Africa,ETH,2015,92013513,1096310,124990,115270
Europe,FIN,1990,4986705,303900,218750,174853
Europe,FIN,2000,5176482,303900,224450,174921
Europe,FIN,2005,5246368,303900,221430,162423
Europe,FIN,2010,5367693,303900,222180,154425
Europe,FIN,2015,5440787,303900,222180,154425
Oceania,FJI,1990,728339,18270,9529,8607
Oceania,FJI,2000,811647,18270,9804,8501
Oceania,FJI,2005,822484,18270,9973,8438
Oceania,FJI,2010,860559,18270,9929,8523
Oceania,FJI,2015,896225,18270,10172,8630
South America,FLK,1990,1993,12170,0,0
South America,FLK,2000,2881,12170,0,0
South America,FLK,2005,2957,12170,0,0
South America,FLK,2010,3017,12170,0,0
South America,FLK,2015,3017,12170,0,0
Europe,FRA,1990,56845705,547660,144360,129080
Europe,FRA,2000,59213096,547660,152890,137030
Europe,FRA,2005,61444972,547660,158610,136560
Europe,FRA,2010,63230866,547660,164240,143380
Europe,FRA,2015,64473437,547660,169890,150220
Europe,FRO,1990,48031,1387,1,0
Europe,FRO,2000,46491,1387,1,0
Europe,FRO,2005,49157,1387,1,0
Europe,FRO,2010,49581,1387,1,0
Europe,FRO,2015,49581,1387,1,0
Oceania,FSM,1990,96331,697,636,433
Oceania,FSM,2000,107430,698,639,466
Oceania,FSM,2005,106198,699,640,483
Oceania,FSM,2010,103619,699,641,499
Oceania,FSM,2015,114102,699,643,501
Africa,GAB,1990,946703,257670,220000,219700
Africa,GAB,2000,1225527,257670,220000,219700
Africa,GAB,2005,1379465,257670,220000,219700
Africa,GAB,2010,1556222,257670,220000,219700
Africa,GAB,2015,1656640,257670,230000,229700
Europe,GBR,1990,57214478,241930,27780,3440
Europe,GBR,2000,58951444,241930,29540,3440
Europe,GBR,2005,60291414,241930,30210,3440
Europe,GBR,2010,62066350,241930,30590,3440
Europe,GBR,2015,63909225,241930,31440,3440
Asia,GEO,1990,5460309,69490,27523,26983
Asia,GEO,2000,4743591,69490,27606,27006
Asia,GEO,2005,4475306,69490,27725,27120
Asia,GEO,2010,4388674,69490,28224,27504
Asia,GEO,2015,4223332,69490,28224,27504
Europe,GGY,1990,,78,2,0
Europe,GGY,2000,,78,2,0
Europe,GGY,2005,,78,2,0
Europe,GGY,2010,,78,2,0
Europe,GGY,2015,,78,2,0
Africa,GHA,1990,14628693,227540,86270,85770
Africa,GHA,2000,18825034,227540,89090,88490
Africa,GHA,2005,21384034,227540,90530,88930
Africa,GHA,2010,24262901,227540,91950,89350
Africa,GHA,2015,27315483,227540,93370,90120
Europe,GIB,1990,26833,10,0,0
Europe,GIB,2000,27351,10,0,0
Europe,GIB,2005,29080,10,0,0
Europe,GIB,2010,29253,10,0,0
Europe,GIB,2015,29000,10,0,0
Africa,GIN,1990,6020113,245720,72640,72040
Africa,GIN,2000,8746128,245720,69040,68320
Africa,GIN,2005,9576331,245720,67240,66420
Africa,GIN,2010,10876033,245720,65440,64510
Africa,GIN,2015,11314183,245720,63640,62600
North and Central America,GLP,1990,384979,1681,732,688
North and Central America,GLP,2000,425436,1681,731,684
North and Central America,GLP,2005,443875,1681,729,681
North and Central America,GLP,2010,458570,1681,717,677
North and Central America,GLP,2015,471845,1681,715,673
Africa,GMB,1990,916811,10000,4420,4407
Africa,GMB,2000,1228863,10000,4610,4596
Africa,GMB,2005,1436549,10000,4710,4696
Africa,GMB,2010,1680640,10000,4800,4786
Africa,GMB,2015,1976322,10000,4880,4866
Africa,GNB,1990,1017385,28120,22160,22158
Africa,GNB,2000,1273312,28120,21200,21196
Africa,GNB,2005,1421515,28120,20720,20715
Africa,GNB,2010,1586624,28120,20220,20213
Africa,GNB,2015,1681546,28120,19720,19711
Africa,GNQ,1990,373851,28050,18600,18600
Africa,GNQ,2000,518179,28050,17430,17430
Africa,GNQ,2005,603648,28050,16850,16850
Africa,GNQ,2010,696167,28050,16260,16260
Africa,GNQ,2015,802344,28050,15680,15680
Europe,GRC,1990,10160501,128900,32990,31810
Europe,GRC,2000,10986883,128900,36010,34720
Europe,GRC,2005,11041642,128900,37520,36180
Europe,GRC,2010,11109999,128900,39030,37630
Europe,GRC,2015,11472559,128900,40540,39140
North and Central America,GRD,1990,96286,340,170,168
North and Central America,GRD,2000,101620,340,170,168
North and Central America,GRD,2005,102951,340,170,168
North and Central America,GRD,2010,104677,340,170,168
North and Central America,GRD,2015,106467,340,170,168
North and Central America,GRL,1990,55603,341700,2,0
North and Central America,GRL,2000,56174,410450,2,0
North and Central America,GRL,2005,56953,410450,2,0
North and Central America,GRL,2010,56546,410450,2,0
North and Central America,GRL,2015,56546,410450,2,0
North and Central America,GTM,1990,8890329,107160,47480,46970
North and Central America,GTM,2000,11204183,107160,42080,41150
North and Central America,GTM,2005,12678919,107160,39380,38370
North and Central America,GTM,2010,14341576,107160,37220,35900
North and Central America,GTM,2015,16325173,107160,35400,33550
South America,GUF,1990,117039,82700,82180,82173
South America,GUF,2000,164993,82420,81820,81813
South America,GUF,2005,202010,82420,81680,81673
South America,GUF,2010,231169,82420,81380,81373
South America,GUF,2015,262271,82420,81300,81293
Oceania,GUM,1990,130482,540,250,
Oceania,GUM,2000,155328,540,250,
Oceania,GUM,2005,158401,540,250,
Oceania,GUM,2010,159440,540,250,
Oceania,GUM,2015,190925,540,250,
South America,GUY,1990,725043,196850,166600,166600
South America,GUY,2000,744471,196850,166220,166220
South America,GUY,2005,760834,196850,166020,166020
South America,GUY,2010,786126,196850,165760,165760
South America,GUY,2015,762599,196850,165260,165260
North and Central America,HND,1990,4903694,111890,81360,
North and Central America,HND,2000,6235561,111890,63920,
North and Central America,HND,2005,6898825,111890,57920,57920
North and Central America,HND,2010,7621204,111890,51920,51920
North and Central America,HND,2015,8384848,111890,45920,45920
Europe,HRV,1990,4793521,55960,18500,17580
Europe,HRV,2000,4475201,55960,18850,18040
Europe,HRV,2005,4388857,55960,19030,18270
Europe,HRV,2010,4338027,55960,19200,18500
Europe,HRV,2015,4355615,55960,19220,18470
North and Central America,HTI,1990,7110116,27560,1160,1040
North and Central America,HTI,2000,8578234,27560,1090,890
North and Central America,HTI,2005,9260879,27560,1050,810
North and Central America,HTI,2010,9896400,27560,1010,730
North and Central America,HTI,2015,10646006,27560,970,650
Europe,HUN,1990,10385061,91270,18010,3480
Europe,HUN,2000,10224113,91270,19170,3980
Europe,HUN,2005,10095964,91270,19830,4170
Europe,HUN,2010,10014633,91270,20460,4170
Europe,HUN,2015,9882909,91270,20690,4170
Asia,IDN,1990,178633239,1718570,1185450,
Asia,IDN,2000,208938698,1718570,994090,960870
Asia,IDN,2005,224480901,1718570,978570,931980
Asia,IDN,2010,240676485,1718570,944320,896290
Asia,IDN,2015,251181466,1718570,910100,860640
Europe,IMN,1990,70312,571,35,
Europe,IMN,2000,76806,571,35,
Europe,IMN,2005,80345,571,35,
Europe,IMN,2010,83992,571,35,
Europe,IMN,2015,83992,571,35,
Asia,IND,1990,868890700,2973190,639390,582230
Asia,IND,2000,1042261758,2973190,653900,582230
Asia,IND,2005,1127143548,2973190,677090,582230
Asia,IND,2010,1205624648,2973190,697900,586510
Asia,IND,2015,1307117426,2973190,706820,586510
Europe,IRL,1990,3531185,68890,4650,823
Europe,IRL,2000,3803741,68890,6350,823
Europe,IRL,2005,4158002,68890,6948,823
Europe,IRL,2010,4467561,68890,7256,714
Europe,IRL,2015,4725337,68890,7540,714
Asia,IRN,1990,56361868,1848064,90761,85604
Asia,IRN,2000,65911052,1848064,93257,88100
Asia,IRN,2005,70152384,1848064,106920,97510
Asia,IRN,2010,74462314,1848064,106920,97510
Asia,IRN,2015,77937545,1848064,106920,97510
Asia,IRQ,1990,17517521,437370,8040,7890
Asia,IRQ,2000,23801156,437370,8180,8030
Asia,IRQ,2005,27377045,437370,8250,8100
Asia,IRQ,2010,30962380,434320,8250,8100
Asia,IRQ,2015,36845879,434320,8250,8100
Europe,ISL,1990,254830,100250,161,97
Europe,ISL,2000,281214,100250,288,102
Europe,ISL,2005,296745,100250,365,105
Europe,ISL,2010,318042,100250,427,107
Europe,ISL,2015,339080,100250,492,110
Asia,ISR,1990,4499161,21640,1320,660
Asia,ISR,2000,6013711,21640,1530,650
Asia,ISR,2005,6603677,21640,1550,670
Asia,ISR,2010,7420368,21640,1540,660
Asia,ISR,2015,8055052,21640,1650,760
Europe,ITA,1990,56831853,294140,75900,70430
Europe,ITA,2000,56986085,294140,83690,77850
Europe,ITA,2005,58671855,294140,87590,81570
Europe,ITA,2010,60508978,294140,90280,84070
Europe,ITA,2015,61271550,294140,92970,86580
North and Central America,JAM,1990,2365211,10829,3446,3358
North and Central America,JAM,2000,2582219,10830,3409,3327
North and Central America,JAM,2005,2682149,10830,3392,3310
North and Central America,JAM,2010,2741485,10830,3371,3297
North and Central America,JAM,2015,2785500,10830,3352,3283
Europe,JEY,1990,,115,6,0
Europe,JEY,2000,,115,6,0
Europe,JEY,2005,,115,6,0
Europe,JEY,2010,,115,6,0
Europe,JEY,2015,,115,6,0
Asia,JOR,1990,3358453,88240,975,
Asia,JOR,2000,4767476,88240,975,
Asia,JOR,2005,5239417,88240,975,506
Asia,JOR,2010,6454554,88780,975,506
Asia,JOR,2015,6793883,88780,975,506
Asia,JPN,1990,122249285,364600,249500,146630
Asia,JPN,2000,125714674,364500,248760,145460
Asia,JPN,2005,126978754,364500,249350,146110
Asia,JPN,2010,127352833,364500,249660,146740
Asia,JPN,2015,125887430,364500,249580,146880
Asia,KAZ,1990,16171900,2699700,34220,23880
Asia,KAZ,2000,14575644,2699700,33650,23090
Asia,KAZ,2005,15064088,2699700,33370,24280
Asia,KAZ,2010,15921127,2699700,33090,24080
Asia,KAZ,2015,16885402,2699700,33090,24080
Africa,KEN,1990,23446439,569140,47240,45610
Africa,KEN,2000,31285050,569140,35570,34370
Africa,KEN,2005,35785718,569140,40470,38810
Africa,KEN,2010,40909194,569140,42300,40370
Africa,KEN,2015,46323928,569140,44130,41930
Asia,KGZ,1990,4394502,191160,8364,7934
Asia,KGZ,2000,4954850,191160,8583,7941
Asia,KGZ,2005,5042381,191160,8693,8015
Asia,KGZ,2010,5334223,191160,6770,6300
Asia,KGZ,2015,5626430,191160,6370,5900
Asia,KHM,1990,9057339,176520,129440,128770
Asia,KHM,2000,12222871,176510,115460,114670
Asia,KHM,2005,13356424,176520,107310,106570
Asia,KHM,2010,14364931,176520,100940,100250
Asia,KHM,2015,14993132,176520,94570,93880
Oceania,KIR,1990,71040,810,122,122
Oceania,KIR,2000,82788,810,122,122
Oceania,KIR,2005,90468,810,122,122
Oceania,KIR,2010,97743,810,122,122
Oceania,KIR,2015,97743,810,122,122
North and Central America,KNA,1990,40833,260,110,0
North and Central America,KNA,2000,45544,260,110,0
North and Central America,KNA,2005,49139,260,110,0
North and Central America,KNA,2010,52352,260,110,0
North and Central America,KNA,2015,52352,260,110,0
Asia,KOR,1990,42972254,98730,63700,
Asia,KOR,2000,45977210,98730,62880,45500
Asia,KOR,2005,47033082,98730,62550,44750
Asia,KOR,2010,48453931,97100,62220,43980
Asia,KOR,2015,49122589,97100,61840,43180
Asia,KWT,1990,2059774,17820,35,0
Asia,KWT,2000,1906231,17820,49,0
Asia,KWT,2005,2296314,17820,56,0
Asia,KWT,2010,2991580,17820,63,0
Asia,KWT,2015,3087611,17820,63,0
Asia,LAO,1990,4244520,230800,176449,176424
Asia,LAO,2000,5388281,230800,165260,165072
Asia,LAO,2005,5790646,230800,168697,168428
Asia,LAO,2010,6395713,230800,178156,177456
Asia,LAO,2015,6633451,230800,187614,186483
Asia,LBN,1990,2703019,10230,1310,
Asia,LBN,2000,3235380,10230,1310,
Asia,LBN,2005,3986865,10230,1365,1264
Asia,LBN,2010,4341092,10230,1369,1264
Asia,LBN,2015,4382424,10230,1373,1264
Africa,LBR,1990,2102877,96320,49290,49210
Africa,LBR,2000,2891968,96320,46290,46210
Africa,LBR,2005,3269786,96320,44790,44710
Africa,LBR,2010,3957990,96320,43290,43210
Africa,LBR,2015,4557660,96320,41790,41710
Africa,LBY,1990,4259811,1759540,2170,0
Africa,LBY,2000,5176185,1759540,2170,0
Africa,LBY,2005,5594450,1759540,2170,0
Africa,LBY,2010,6040612,1759540,2170,0
Africa,LBY,2015,6607382,1759540,2170,0
North and Central America,LCA,1990,138180,610,218,187
North and Central America,LCA,2000,156949,610,212,181
North and Central America,LCA,2005,165407,610,209,178
North and Central America,LCA,2010,177397,610,206,175
North and Central America,LCA,2015,182766,610,203,172
Europe,LIE,1990,28745,160,65,63
Europe,LIE,2000,33093,160,69,66
Europe,LIE,2005,34740,160,69,66
Europe,LIE,2010,36120,160,69,66
Europe,LIE,2015,36120,160,69,66
Asia,LKA,1990,17323977,62710,22840,20260
Asia,LKA,2000,18846401,62710,21920,19580
Asia,LKA,2005,19951291,62710,21180,19230
Asia,LKA,2010,20758779,62710,21030,18980
Asia,LKA,2015,21705160,62710,20700,18550
Africa,LSO,1990,1597534,30350,400,340
Africa,LSO,2000,1856225,30350,420,338
Africa,LSO,2005,1925844,30350,430,337
Africa,LSO,2010,2008921,30350,440,336
Africa,LSO,2015,2286517,30350,490,319
Europe,LTU,1990,3697393,62680,19450,15340
Europe,LTU,2000,3498446,42480,,15590
Europe,LTU,2005,3286782,62680,21210,16300
Europe,LTU,2010,3068457,62675,21700,16400
Europe,LTU,2015,3242227,62675,21800,16100
Europe,LUX,1990,381790,2590,858,577
Europe,LUX,2000,436111,2590,867,587
Europe,LUX,2005,457847,2590,867,587
Europe,LUX,2010,507885,2590,867,587
Europe,LUX,2015,542553,2590,867,587
Europe,LVA,1990,2663985,62200,31730,24490
Europe,LVA,2000,2371481,62200,32410,25320
Europe,LVA,2005,2227559,62200,32970,26060
Europe,LVA,2010,2090519,62200,33540,27260
Europe,LVA,2015,2202206,62200,33560,27440
North and Central America,MAF,1990,,54,11,0
North and Central America,MAF,2000,,54,11,0
North and Central America,MAF,2005,,54,11,0
North and Central America,MAF,2010,,54,11,0
North and Central America,MAF,2015,,54,11,3
Africa,MAR,1990,24674974,446300,49540,44760
Africa,MAR,2000,28710123,446300,49930,44700
Africa,MAR,2005,30125445,446300,54010,48400
Africa,MAR,2010,31642360,446300,56720,50450
Africa,MAR,2015,33565549,446300,56320,49260
Europe,MCO,1990,29438,2,0,0
Europe,MCO,2000,32081,2,0,0
Europe,MCO,2005,33808,2,0,0
Europe,MCO,2010,36845,2,0,0
Europe,MCO,2015,36845,2,0,0
Europe,MDA,1990,4364114,32930,3190,3180
Europe,MDA,2000,4107184,32880,3240,3230
Europe,MDA,2005,3767077,32890,3630,3620
Europe,MDA,2010,3573024,32854,3860,3840
Europe,MDA,2015,3449743,32854,4090,4070
Africa,MDG,1990,11545782,581540,136920,134610
Africa,MDG,2000,15744811,581540,130230,127510
Africa,MDG,2005,18290394,581540,128380,125480
Africa,MDG,2010,21079532,581540,125530,121380
Africa,MDG,2015,23932089,581540,124730,121610
Asia,MDV,1990,215859,300,10,
Asia,MDV,2000,272745,300,10,
Asia,MDV,2005,297576,300,10,
Asia,MDV,2010,325694,300,10,
Asia,MDV,2015,336857,300,10,
North and Central America,MEX,1990,86077004,1943950,697600,697570
North and Central America,MEX,2000,103873607,1943950,678560,678210
North and Central America,MEX,2005,110731826,1943950,670830,670430
North and Central America,MEX,2010,117886404,1943950,664980,664390
North and Central America,MEX,2015,120084349,1943950,660400,659530
Oceania,MHL,1990,47300,180,126,82
Oceania,MHL,2000,52161,180,126,82
Oceania,MHL,2005,52058,180,126,82
Oceania,MHL,2010,52428,180,126,82
Oceania,MHL,2015,52428,180,126,82
Europe,MKD,1990,2009710,25220,9120,8070
Europe,MKD,2000,2052129,25220,9580,8530
Europe,MKD,2005,2090044,25220,9750,8700
Europe,MKD,2010,2102216,25220,9980,8930
Europe,MKD,2015,2069213,25220,9980,8930
Africa,MLI,1990,7964066,1220190,66900,66850
Africa,MLI,2000,10260577,1220190,59000,58450
Africa,MLI,2005,11941258,1220190,55050,53000
Africa,MLI,2010,13985961,1220190,51100,45800
Africa,MLI,2015,17817518,1220190,47150,45800
Europe,MLT,1990,375295,320,3,0
Europe,MLT,2000,407529,320,3,0
Europe,MLT,2005,414747,320,3,0
Europe,MLT,2010,424738,320,3,0
Europe,MLT,2015,422495,320,3,0
Asia,MMR,1990,42123003,657550,392180,388250
Asia,MMR,2000,48453000,657550,348680,341720
Asia,MMR,2005,50181020,657550,333210,324720
Asia,MMR,2010,51931231,657550,317730,307850
Asia,MMR,2015,49775442,657550,290410,280970
Europe,MNE,1990,614601,13450,6260,
Europe,MNE,2000,611196,13450,6260,
Europe,MNE,2005,615820,13450,6260,
Europe,MNE,2010,620078,13450,8270,8190
Europe,MNE,2015,634831,13450,8270,8190
Asia,MNG,1990,2184159,1553560,125360,125340
Asia,MNG,2000,2397473,1553560,117170,117141
Asia,MNG,2005,2526502,1553560,113080,113053
Asia,MNG,2010,2712738,1553560,130392,130384
Asia,MNG,2015,2978657,1553560,125528,125516
Oceania,MNP,1990,43972,460,336,101
Oceania,MNP,2000,68434,460,320,91
Oceania,MNP,2005,64372,460,311,87
Oceania,MNP,2010,53860,460,303,82
Oceania,MNP,2015,53860,460,295,77
Africa,MOZ,1990,13567959,786380,433780,433400
Africa,MOZ,2000,18275618,786380,411880,411500
Africa,MOZ,2005,21010376,786380,400790,400550
Africa,MOZ,2010,23967265,786380,389720,389600
Africa,MOZ,2015,26159065,786380,379400,378650
Africa,MRT,1990,2024163,1030700,4150,4100
Africa,MRT,2000,2708095,1030700,3170,3040
Africa,MRT,2005,3146164,1030700,2670,2500
Africa,MRT,2010,3609420,1030700,2420,2210
Africa,MRT,2015,3862880,1030700,2245,1973
North and Central America,MSR,1990,10734,100,35,35
North and Central America,MSR,2000,4956,100,25,25
North and Central America,MSR,2005,4777,100,25,25
North and Central America,MSR,2010,4953,100,25,25
North and Central America,MSR,2015,4953,100,25,25
North and Central America,MTQ,1990,358458,1060,485,461
North and Central America,MTQ,2000,384317,1060,485,461
North and Central America,MTQ,2005,396206,1060,485,461
North and Central America,MTQ,2010,400810,1060,485,461
North and Central America,MTQ,2015,411953,1060,485,461
Africa,MUS,1990,1055865,2014,411,238
Africa,MUS,2000,1185143,2011,419,238
Africa,MUS,2005,1212752,2011,382,203
Africa,MUS,2010,1230659,2011,384,203
Africa,MUS,2015,1333537,2010,386,203
Africa,MWI,1990,9447123,94280,38960,37640
Africa,MWI,2000,11321496,94280,35670,33700
Africa,MWI,2005,12924746,94280,34020,31170
Africa,MWI,2010,15013694,94280,32370,28720
Africa,MWI,2015,17524003,94280,31470,27280
Asia,MYS,1990,18211097,328550,223760,204200
Asia,MYS,2000,23420751,328550,215910,199320
Asia,MYS,2005,25843466,328550,208900,193170
Asia,MYS,2010,28275835,328550,221240,205010
Asia,MYS,2015,30688324,328550,221950,202290
Africa,MYT,1990,92439,375,107,104
Africa,MYT,2000,148888,375,87,83
Africa,MYT,2005,174993,375,78,71
Africa,MYT,2010,204353,375,68,58
Africa,MYT,2015,237596,375,58,54
Africa,NAM,1990,1415447,823290,87620,87630
Africa,NAM,2000,1897953,823290,80320,80320
Africa,NAM,2005,2027026,823290,76610,76610
Africa,NAM,2010,2178967,823290,72900,72900
Africa,NAM,2015,2482574,823290,69190,69190
Oceania,NCL,1990,168537,18280,8390,8290
Oceania,NCL,2000,210010,18280,8390,8290
Oceania,NCL,2005,228714,18280,8390,8290
Oceania,NCL,2010,246379,18280,8390,8290
Oceania,NCL,2015,269651,18280,8390,8290
Africa,NER,1990,7753907,1266700,19450,18970
Africa,NER,2000,10989815,1266700,13280,12550
Africa,NER,2005,13183798,1266700,12660,11560
Africa,NER,2010,15893746,1266700,12040,10560
Africa,NER,2015,18469473,1266700,11420,9920
Oceania,NFK,1990,,40,5,
Oceania,NFK,2000,,40,5,
Oceania,NFK,2005,,40,5,
Oceania,NFK,2010,,40,5,
Oceania,NFK,2015,,40,5,
Africa,NGA,1990,95617350,910770,172340,169830
Africa,NGA,2000,122876727,910770,131370,128210
Africa,NGA,2005,139585891,910770,110890,107400
Africa,NGA,2010,159707780,910770,90410,87130
Africa,NGA,2015,179799809,910770,69930,65730
North and Central America,NIC,1990,4137788,120340,45140,
North and Central America,NIC,2000,5100920,120340,38140,
North and Central America,NIC,2005,5455219,120340,34640,
North and Central America,NIC,2010,5822209,120340,31140,30223
North and Central America,NIC,2015,6216839,120340,31140,30660
Oceania,NIU,1990,2332,260,206,
Oceania,NIU,2000,1900,260,196,
Oceania,NIU,2005,1686,260,191,
Oceania,NIU,2010,1468,260,186,183
Oceania,NIU,2015,1468,260,181,178
Europe,NLD,1990,14890341,33880,3450,0
Europe,NLD,2000,15859863,33810,3600,0
Europe,NLD,2005,16302242,33770,3650,0
Europe,NLD,2010,16615243,33720,3730,0
Europe,NLD,2015,16842021,33750,3760,0
Europe,NOR,1990,4240375,304270,121320,110430
Europe,NOR,2000,4491572,304270,121130,107880
Europe,NOR,2005,4624388,304270,120920,106920
Europe,NOR,2010,4891251,304270,121020,106390
Europe,NOR,2015,5046451,304270,121120,105830
Asia,NPL,1990,18111200,143000,48170,47770
Asia,NPL,2000,23184177,143350,39000,38580
Asia,NPL,2005,25292058,143350,36360,35930
Asia,NPL,2010,26846016,143350,36360,35930
Asia,NPL,2015,32603418,143350,36360,35930
Oceania,NRU,1990,9157,20,0,0
Oceania,NRU,2000,10042,20,0,0
Oceania,NRU,2005,10115,20,0,0
Oceania,NRU,2010,10025,20,0,0
Oceania,NRU,2015,10000,20,0,0
Oceania,NZL,1990,3397983,263310,96580,
Oceania,NZL,2000,3858032,263310,101390,
Oceania,NZL,2005,4134117,263310,101830,80760
Oceania,NZL,2010,4368136,263310,101510,80690
Oceania,NZL,2015,4603971,263310,101520,80650
Asia,OMN,1990,1810103,309500,20,0
Asia,OMN,2000,2192535,309500,20,0
Asia,OMN,2005,2522325,309500,20,0
Asia,OMN,2010,2802768,309500,20,0
Asia,OMN,2015,3057779,309500,20,0
Asia,PAK,1990,111090879,770880,25270,22930
Asia,PAK,2000,143832014,770880,21160,18200
Asia,PAK,2005,157971415,770880,19020,15840
Asia,PAK,2010,173149306,770880,16870,13470
Asia,PAK,2015,189509811,770880,14720,11100
North and Central America,PAN,1990,2486776,74340,50400,50280
North and Central America,PAN,2000,3054812,74340,48670,48230
North and Central America,PAN,2005,3365929,74340,47820,47210
North and Central America,PAN,2010,3678128,74340,46990,46200
North and Central America,PAN,2015,3784496,74340,46170,45370
Oceania,PCN,1990,,47,35,0
Oceania,PCN,2000,,47,35,0
Oceania,PCN,2005,,47,35,0
Oceania,PCN,2010,,47,35,0
Oceania,PCN,2015,,47,35,0
South America,PER,1990,21772035,1280000,779210,776580
South America,PER,2000,26000080,1280000,761470,754320
South America,PER,2005,27723281,1280000,755280,747740
South America,PER,2010,29262830,1280000,748110,738180
South America,PER,2015,30784000,1280000,739730,728160
Asia,PHL,1990,61948688,298170,65550,62540
Asia,PHL,2000,77651848,298170,70270,67040
Asia,PHL,2005,85821214,298170,70740,70270
Asia,PHL,2010,93444322,298170,68400,67950
Asia,PHL,2015,101298880,298170,80400,67950
Oceania,PLW,1990,15089,460,382,
Oceania,PLW,2000,19174,460,396,
Oceania,PLW,2005,19907,460,403,
Oceania,PLW,2010,20470,460,403,
Oceania,PLW,2015,20470,460,403,
Oceania,PNG,1990,4157903,452860,336270,336270
Oceania,PNG,2000,5379226,452860,336000,336000
Oceania,PNG,2005,6095959,452860,335860,335860
Oceania,PNG,2010,6858945,463120,335730,335730
Oceania,PNG,2015,7629246,463120,335590,335590
Europe,POL,1990,38149944,304420,88810,3700
Europe,POL,2000,38351437,304360,90590,4140
Europe,POL,2005,38206337,306330,92000,4330
Europe,POL,2010,38198754,306230,93290,4520
Europe,POL,2015,38330215,306220,94350,4780
North and Central America,PRI,1990,3517984,8564,2870,2870
North and Central America,PRI,2000,3796981,8564,4501,4501
North and Central America,PRI,2005,3761143,8564,4629,4629
North and Central America,PRI,2010,3709671,8564,4794,4794
North and Central America,PRI,2015,3743407,8564,4960,4960
Asia,PRK,1990,20194361,120410,82010,70710
Asia,PRK,2000,22840225,120410,69330,59780
Asia,PRK,2005,23813333,120410,62990,54310
Asia,PRK,2010,24500520,120410,56660,48850
Asia,PRK,2015,24904209,120410,50310,43270
Europe,PRT,1990,9899450,91600,34360,
Europe,PRT,2000,10306192,90830,33430,25411
Europe,PRT,2005,10510967,90310,32960,24571
Europe,PRT,2010,10589792,90260,32390,23741
Europe,PRT,2015,10687241,90260,31820,22911
South America,PRY,1990,4249747,397300,211570,211340
South America,PRY,2000,5350253,397300,193680,193320
South America,PRY,2005,5904170,397300,184750,184320
South America,PRY,2010,6459721,397300,169500,168940
South America,PRY,2015,7023395,397300,153230,152250
Asia,PSE,1990,2081347,6020,91,
Asia,PSE,2000,3204572,6020,91,
Asia,PSE,2005,3559856,6020,92,
Asia,PSE,2010,4012880,6020,92,
Asia,PSE,2015,4644861,6020,92,
Oceania,PYF,1990,198370,3660,550,
Oceania,PYF,2000,237267,3660,1050,
Oceania,PYF,2005,254884,3660,1300,1210
Oceania,PYF,2010,268065,3660,1550,1450
Oceania,PYF,2015,285380,3660,1550,1450
Asia,QAT,1990,476517,11000,0,0
Asia,QAT,2000,593693,11000,0,0
Asia,QAT,2005,821159,11000,0,0
Asia,QAT,2010,1749713,11000,0,0
Asia,QAT,2015,2031907,11000,0,0
Africa,REU,1990,610582,2500,870,820
Africa,REU,2000,736091,2500,870,820
Africa,REU,2005,790983,2500,850,800
Africa,REU,2010,844579,2500,880,830
Africa,REU,2015,894246,2500,880,830
Europe,ROU,1990,23372101,229980,63710,58430
Europe,ROU,2000,22388354,229980,63660,58380
Europe,ROU,2005,22113264,229980,63910,58610
Europe,ROU,2010,21861476,230050,65150,59750
Europe,ROU,2015,21195050,230020,68610,62920
Europe,RUS,1990,148148752,16381340,8089499,7962987
Europe,RUS,2000,146762881,16381340,8092685,7939081
Europe,RUS,2005,143932966,16381390,8087900,7918275
Europe,RUS,2010,143617913,16381390,8151356,7955227
Europe,RUS,2015,141683141,16376870,8149305,7950895
Africa,RWA,1990,7214696,24670,3180,700
Africa,RWA,2000,8395577,24670,3440,620
Africa,RWA,2005,9429457,24670,3850,620
Africa,RWA,2010,10836732,24670,4460,620
Africa,RWA,2015,12297598,24670,4800,620
Asia,SAU,1990,16206078,2149690,9770,9770
Asia,SAU,2000,20144584,2149690,9770,9770
Asia,SAU,2005,24690067,2149690,9770,9770
Asia,SAU,2010,27258387,2149690,9770,9770
Asia,SAU,2015,30525521,2149690,9770,9770
Africa,SDN,1990,20008804,1866653,235703,181463
Africa,SDN,2000,27729798,1866653,218262,161872
Africa,SDN,2005,31585871,1866653,209541,151001
Africa,SDN,2010,35652002,1866653,200820,141417
Africa,SDN,2015,49121860,1866653,192099,130889
Africa,SEN,1990,7514110,192530,93480,91430
Africa,SEN,2000,9861679,192530,88980,85920
Africa,SEN,2005,11270826,192530,86730,82660
Africa,SEN,2010,12950564,192530,84730,80090
Africa,SEN,2015,14157555,192530,82730,77120
Asia,SGP,1990,3016404,670,164,164
Asia,SGP,2000,3918189,670,164,164
Asia,SGP,2005,4495537,689,164,164
Asia,SGP,2010,5078969,700,164,164
Asia,SGP,2015,5373482,700,164,164
Africa,SHN,1990,5531,390,20,0
Africa,SHN,2000,5113,390,20,0
Africa,SHN,2005,4683,390,20,0
Africa,SHN,2010,4244,390,20,0
Africa,SHN,2015,4244,390,20,0
Europe,SJM,1990,,61000,0,0
Europe,SJM,2000,,61000,0,0
Europe,SJM,2005,,61000,0,0
Europe,SJM,2010,,61000,0,0
Europe,SJM,2015,,61000,0,0
Oceania,SLB,1990,311849,27990,23240,22796
Oceania,SLB,2000,412336,27990,22680,22404
Oceania,SLB,2005,469306,27990,22410,22141
Oceania,SLB,2010,526447,27990,22130,21861
Oceania,SLB,2015,608414,27990,21850,21581
Africa,SLE,1990,4042678,71620,31180,31113
Africa,SLE,2000,4139757,71620,29220,29141
Africa,SLE,2005,5119895,71620,28240,28128
Africa,SLE,2010,5751976,71620,27260,27115
Africa,SLE,2015,6514345,71620,30440,26113
North and Central America,SLV,1990,5344226,20720,3770,3671
North and Central America,SLV,2000,5958794,20720,3320,3195
North and Central America,SLV,2005,6072538,20720,3090,2952
North and Central America,SLV,2010,6218195,20720,2870,2720
North and Central America,SLV,2015,6388304,20720,2650,2488
Europe,SMR,1990,24135,60,0,0
Europe,SMR,2000,26969,60,0,0
Europe,SMR,2005,29775,60,0,0
Europe,SMR,2010,30861,60,0,0
Europe,SMR,2015,30861,60,0,0
Africa,SOM,1990,6321615,627340,82820,82790
Africa,SOM,2000,7385416,627340,75150,75120
Africa,SOM,2005,8466938,627340,71310,71280
Africa,SOM,2010,9636173,627340,67470,67440
Africa,SOM,2015,10610428,627340,63630,63600
North and Central America,SPM,1990,6279,230,34,34
North and Central America,SPM,2000,6271,230,32,32
North and Central America,SPM,2005,6138,230,30,30
North and Central America,SPM,2010,6047,230,29,29
North and Central America,SPM,2015,6047,230,28,28
Europe,SRB,1990,9735429,87460,23130,22740
Europe,SRB,2000,10272445,87460,24600,24210
Europe,SRB,2005,9956359,87460,24760,24370
Europe,SRB,2010,9647109,87460,27130,25330
Europe,SRB,2015,9790828,87460,27200,25050
Africa,SSD,1990,5764216,631730,71570,71370
Africa,SSD,2000,6652984,631730,71570,71370
Africa,SSD,2005,8039351,631730,71570,71370
Africa,SSD,2010,9940929,631730,71570,71370
Africa,SSD,2015,9940929,631730,71570,71370
Africa,STP,1990,117395,960,560,560
Africa,STP,2000,139428,960,560,560
Africa,STP,2005,154615,960,560,560
Africa,STP,2010,178228,960,536,536
Africa,STP,2015,182317,960,536,536
South America,SUR,1990,406764,160660,154300,154170
South America,SUR,2000,466668,160660,153910,153780
South America,SUR,2005,499523,160660,153710,153580
South America,SUR,2010,524960,160660,153510,153380
South America,SUR,2015,547423,160660,153320,153190
Europe,SVK,1990,5277709,48090,19220,9620
Europe,SVK,2000,5388010,48090,19210,9630
Europe,SVK,2005,5391489,48090,19320,9670
Europe,SVK,2010,5433437,48090,19390,9770
Europe,SVK,2015,5490582,48090,19400,9800
Europe,SVN,1990,2003772,20140,11880,11540
Europe,SVN,2000,1989545,20140,12330,11970
Europe,SVN,2005,2000349,20140,12430,12060
Europe,SVN,2010,2054232,20140,12470,12150
Europe,SVN,2015,2051326,20140,12480,12140
Europe,SWE,1990,8559107,410340,280630,206640
Europe,SWE,2000,8872284,410340,281630,183240
Europe,SWE,2005,9030163,410340,282180,171190
Europe,SWE,2010,9382297,410340,280730,155090
Europe,SWE,2015,9632781,410340,280730,143360
Africa,SWZ,1990,862728,17200,4720,3120
Africa,SWZ,2000,1063715,17200,5180,3680
Africa,SWZ,2005,1104642,17200,5410,3960
Africa,SWZ,2010,1193148,17200,5630,4230
Africa,SWZ,2015,1268917,17200,5860,4500
Africa,SYC,1990,69474,460,407,358
Africa,SYC,2000,79774,460,407,358
Africa,SYC,2005,87094,460,407,358
Africa,SYC,2010,91208,460,407,358
Africa,SYC,2015,91208,460,407,358
Asia,SYR,1990,12451539,183780,3720,1975
Asia,SYR,2000,16371208,183780,4320,1975
Asia,SYR,2005,18167367,183570,4610,1975
Asia,SYR,2010,21532647,183630,4910,1975
Asia,SYR,2015,22189472,183630,4910,1975
North and Central America,TCA,1990,11550,430,344,
North and Central America,TCA,2000,18876,430,344,
North and Central America,TCA,2005,26450,430,344,
North and Central America,TCA,2010,30993,430,344,
North and Central America,TCA,2015,30993,430,344,
Africa,TCD,1990,5951574,1259200,67050,66940
Africa,TCD,2000,8301151,1259200,63260,63120
Africa,TCD,2005,10014413,1259200,61410,61260
Africa,TCD,2010,11720781,1259200,55080,54910
Africa,TCD,2015,12776944,1259200,48750,48570
Africa,TGO,1990,3787602,54390,6850,6610
Africa,TGO,2000,4864753,54390,4860,4520
Africa,TGO,2005,5540214,54390,3860,3480
Africa,TGO,2010,6306014,54390,2870,2450
Africa,TGO,2015,6673542,54390,1880,1420
Asia,THA,1990,56582726,510890,140050,113370
Asia,THA,2000,62343379,510890,170110,139000
Asia,THA,2005,65559487,510890,161000,126560
Asia,THA,2010,66402316,510890,162490,122630
Asia,THA,2015,70937551,510890,163990,124130
Asia,TJK,1990,5297286,138940,4080,3090
Asia,TJK,2000,6186152,138940,4100,3090
Asia,TJK,2005,6805655,138940,4100,3090
Asia,TJK,2010,7627326,138940,4100,3090
Asia,TJK,2015,7387129,138940,4120,3090
Oceania,TKL,1990,1609,10,0,0
Oceania,TKL,2000,1552,10,0,0
Oceania,TKL,2005,1210,10,0,0
Oceania,TKL,2010,1135,10,0,0
Oceania,TKL,2015,1000,10,0,0
Asia,TKM,1990,3668000,469930,41270,41270
Asia,TKM,2000,4501419,469930,41270,41270
Asia,TKM,2005,4747839,469930,41270,41270
Asia,TKM,2010,5041995,469930,41270,41270
Asia,TKM,2015,5374080,469930,41270,41270
Asia,TLS,1990,751488,14870,9660,9370
Asia,TLS,2000,853585,14870,8540,8110
Asia,TLS,2005,995619,14870,7980,7550
Asia,TLS,2010,1079450,14870,7420,6990
Asia,TLS,2015,1301121,14870,6860,6430
Oceania,TON,1990,95165,720,90,80
Oceania,TON,2000,97962,720,90,80
Oceania,TON,2005,100960,720,90,80
Oceania,TON,2010,104098,720,90,80
Oceania,TON,2015,106289,720,90,80
North and Central America,TTO,1990,1221904,5130,2407,2257
North and Central America,TTO,2000,1267980,5130,2336,2176
North and Central America,TTO,2005,1296933,5130,2300,2130
North and Central America,TTO,2010,1328095,5130,2264,2084
North and Central America,TTO,2015,1360352,5130,2345,2232
Africa,TUN,1990,8135302,155360,6430,3500
Africa,TUN,2000,9552776,155360,8370,3180
Africa,TUN,2005,10051352,155360,9150,3180
Africa,TUN,2010,10631830,155360,9900,3160
Africa,TUN,2015,11025651,155360,10410,3160
Asia,TUR,1990,53994605,769630,96220,81270
Asia,TUR,2000,63174483,769630,101830,82310
Asia,TUR,2005,67743052,769630,106620,84700
Asia,TUR,2010,72137546,769630,112030,83630
Asia,TUR,2015,77077803,769630,117150,83290
Oceania,TUV,1990,9004,30,10,
Oceania,TUV,2000,9419,30,10,
Oceania,TUV,2005,9694,30,10,
Oceania,TUV,2010,9827,30,10,
Oceania,TUV,2015,9827,30,10,
Africa,TZA,1990,25484814,885800,559200,557700
Africa,TZA,2000,34020512,885800,519200,517200
Africa,TZA,2005,38824384,885800,499200,496900
Africa,TZA,2010,44973330,885800,479200,476800
Africa,TZA,2015,52314990,885800,460600,457700
Africa,UGA,1990,17534839,199810,47510,47170
Africa,UGA,2000,24275641,199810,38690,38370
Africa,UGA,2005,28724869,199810,34290,33980
Africa,UGA,2010,33987213,199810,27530,26980
Africa,UGA,2015,39114115,199810,20770,20170
Europe,UKR,1990,51658594,579350,92740,46370
Europe,UKR,2000,49057226,579350,95100,47550
Europe,UKR,2005,47135932,579380,95750,47880
Europe,UKR,2010,46050220,579380,95480,47300
Europe,UKR,2015,44022786,579380,96570,47970
South America,URY,1990,3109941,175020,7978,5970
South America,URY,2000,3320841,175020,13697,7400
South America,URY,2005,3325155,175020,15218,7400
South America,URY,2010,3371982,175020,17313,7520
South America,URY,2015,3427527,175020,18450,7830
North and Central America,USA,1990,254506647,9161920,3024500,2845120
North and Central America,USA,2000,284594395,9161920,3035360,2809760
North and Central America,USA,2005,298165797,9161920,3047570,2803320
North and Central America,USA,2010,312247116,9161920,3087200,2831560
North and Central America,USA,2015,323733863,9161920,3100950,2837310
Asia,UZB,1990,20555113,425400,30450,28420
Asia,UZB,2000,24828562,425400,32120,27480
Asia,UZB,2005,26044401,425400,32950,27010
Asia,UZB,2010,27769270,425400,32755,26405
Asia,UZB,2015,29036515,440655,32199,24184
Europe,VAT,1990,770,0,0,0
Europe,VAT,2000,787,0,0,0
Europe,VAT,2005,798,0,0,0
Europe,VAT,2010,799,0,0,0
Europe,VAT,2015,799,0,0,0
North and Central America,VCT,1990,107509,390,250,
North and Central America,VCT,2000,107897,390,260,260
North and Central America,VCT,2005,108749,390,260,260
North and Central America,VCT,2010,109316,390,270,270
North and Central America,VCT,2015,109325,390,270,270
South America,VEN,1990,19740786,882050,520260,
South America,VEN,2000,24407553,882050,491510,
South America,VEN,2005,26725897,882050,477130,
South America,VEN,2010,29043283,882050,475050,469480
South America,VEN,2015,31217037,882050,466830,461260
North and Central America,VGB,1990,16459,150,37,
North and Central America,VGB,2000,20643,150,37,
North and Central America,VGB,2005,23169,150,37,
North and Central America,VGB,2010,27223,150,36,
North and Central America,VGB,2015,27000,150,36,
North and Central America,VIR,1990,103253,350,236,236
North and Central America,VIR,2000,108511,350,205,205
North and Central America,VIR,2005,107768,350,187,187
North and Central America,VIR,2010,106382,350,182,182
North and Central America,VIR,2015,107706,350,176,176
Asia,VNM,1990,68909883,323700,93630,83960
Asia,VNM,2000,80887879,311060,117270,96750
Asia,VNM,2005,84947852,310070,130770,103680
Asia,VNM,2010,89047397,310070,141280,103050
Asia,VNM,2015,92488889,310070,147730,111100
Oceania,VUT,1990,146633,12190,4400,0
Oceania,VUT,2000,185058,12190,4400,0
Oceania,VUT,2005,209375,12190,4400,0
Oceania,VUT,2010,236299,12190,4400,0
Oceania,VUT,2015,270210,12190,4400,0
Oceania,WLF,1990,13880,140,58,57
Oceania,WLF,2000,14497,140,58,55
Oceania,WLF,2005,14246,140,58,55
Oceania,WLF,2010,13565,140,58,54
Oceania,WLF,2015,13565,140,58,53
Oceania,WSM,1990,162865,2830,1300,
Oceania,WSM,2000,174614,2830,1710,1386
Oceania,WSM,2005,179928,2830,1710,1386
Oceania,WSM,2010,186029,2830,1710,1386
Oceania,WSM,2015,187567,2830,1710,1386
Asia,YEM,1990,11790249,527970,5490,5490
Asia,YEM,2000,17522537,527970,5490,5490
Asia,YEM,2005,20139661,527970,5490,5490
Asia,YEM,2010,22763008,527970,5490,5490
Asia,YEM,2015,27940529,527970,5490,5490
Africa,ZAF,1990,36793490,1214470,92410,76150
Africa,ZAF,2000,44846286,1214470,92410,75170
Africa,ZAF,2005,48235291,1214470,92410,74910
Africa,ZAF,2010,51452352,1214470,92410,74780
Africa,ZAF,2015,51420751,1214470,92410,74780
Africa,ZMB,1990,7844516,743390,528000,527400
Africa,ZMB,2000,10100981,743390,511340,510740
Africa,ZMB,2005,11470022,743390,503010,502410
Africa,ZMB,2010,13216985,743390,494680,494060
Africa,ZMB,2015,15239833,743390,486350,485710
Africa,ZWE,1990,10461782,386850,221640,220100
Africa,ZWE,2000,12503652,386850,188940,187740
Africa,ZWE,2005,12710589,386850,172590,171510
Africa,ZWE,2010,13076978,386850,156240,155370
Africa,ZWE,2015,14002616,386850,140620,139750